<?xml version="1.0" encoding="UTF-8"?>
<!DOCTYPE suite SYSTEM "https://testng.org/testng-1.0.dtd">

<suite name="Suite" verbose="5">
<parameter name="url" value="http://leaftaps.com/opentaps/"></parameter>
<parameter name="username" value="DemoCSR"></parameter>
<parameter name="password" value="crmsfa"></parameter>
  <test thread-count="5" name="Test">
    <classes>
      <class name="Week5day2.CreateLead"/>
      <class name="Week5day2.EditLeadPhone"/>
      <class name="Week5day2.DuplicateLeadTest"/>
      <class name="Week5day2.DeleteLeadTest"/>
    </classes>
  </test> <!-- Test -->
</suite> <!-- Suite -->
